Comment,Cleaned_Comment
Thomas Partey‚Ä¶ man has been bringing it lately.,thomas partey ... man bringing lately
Saka is the best he prove this  everytime by doing goal in every important match,saka best prove everytime goal every important match
That pass from Ben White to Saka was amazing. ,pas ben white saka amazing
Saka and Partey were so so good man ,saka partey good man
""" Keep Saka's name out your mouth,  dude is world class.",keep saka name mouth dude world class
We are nearing perfection that's all I can say .Top quality performance from Saka and the team,nearing perfection say top quality performance saka team
Saka and Party were so good,saka party good
Not even a Liverpool fan but that play from Nunez and Salah ,even liverpool fan play nunez salah
"I am proud of fans who are always behind the team in bad , in good keep it up ",proud fan always behind team bad good keep
Van Dijk is just always there. He has so much presence,van dijk always much presence
"Bukayo Saka, i could watch you play football for hours and not get bored. What a player man we are so lucky to have him",bukayo saka could watch play football hour get bored player man lucky
Running out of words to describe Saka,running word describe saka
I‚Äôm so happy for salah to stay at Liverpool. Magic player.,im happy salah stay liverpool magic player
SakaSaka is not world class but he does this every season,sakasaka world class every season
"1:23 Trent long pass moves like a golf ball, Nunez didnt even hv to control it",trent long pas move like golf ball nunez didnt even hv control
Thomas Partey and Ben White. Give them too their flowers right now Ô∏è,thomas partey ben white give flower right
Hope gabi and timbs are fit and riccy aswell we have a huge defensive crisis,hope gabi timbs fit riccy aswell huge defensive crisis
And there was no card for L.Dias who kicked the ball away to delay. ,card l dia kicked ball away delay
Saka was soo good today. 50 PL goals now ,saka soo good today pl goal
Trent corner kick still dangerous,trent corner kick still dangerous
"From a Liverpool fan, We didn't have Allison, but I think those goals go in anyway, there's so much quality in this Arsenal side, I actually expected a loss, You lot are actually so good you drag our performances up with you, Especially Nunez...",liverpool fan allison think goal go anyway much quality arsenal side actually expected loss lot actually good drag performance especially nunez
Appreciation for Salah how he crossed path when Nunez ran with ball. Quick and genius thinking. Salah was just unstoppable! ,appreciation salah crossed path nunez ran ball quick genius thinking salah unstoppable
"Without Saliba,Odegard,Calafiori players like Saka,Ben white,Timber just back from injury. We played good game. COYG",without saliba odegard calafiori player like saka ben white timber back injury played good game coyg
Saka's amazing goal was similar to that of  Gunners legend Dennis Bergkamp when he scored against Argentina in 1998 WC QF.,saka amazing goal similar gunner legend dennis bergkamp scored argentina wc qf
Partey put in 9/10 display,partey put display
How dare Kiwior jump higher than a man standing waiting for the ball to come down. Lol the rest of the world must laugh at this refereeing as much as we do ,dare kiwior jump higher man standing waiting ball come lol rest world must laugh refereeing much
Konate was THE MAN OF MATCH Phenomenal Defense.,konate man match phenomenal defense
That Liverpool goal guys by Salah was well constructed and executed so sweet to watch,liverpool goal guy salah well constructed executed sweet watch
That finish from Saka is  on another level,finish saka another level
fantastic goal from saka,fantastic goal saka
"Martinelli such a lightweight player, so easy to dispossess, upgrade urgently needed on the left-side to take the burden off Saka in big games (Mitoma, Rodrygo, or Diaz/Gakpo, whoever is most unhappy)",martinelli lightweight player easy dispossess upgrade urgently needed left side take burden saka big game mitoma rodrygo diaz gakpo whoever unhappy
Great perform for Mo Salah,great perform mo salah
"Saka chopping it inside to his left WITH his left‚Ä¶ inch perfect and drills it in the roof.

WORLD. CLASS Ô∏è",saka chopping inside left left ... inch perfect drill roof world class
Gonna be hard to drop partey once odegard is back. He's been our best midfielder this season.,gon na hard drop partey odegard back best midfielder season
amazing game! without some of our top players. Fantastic!,amazing game without top player fantastic
Saka goal reminds me Bergcamp vs Ayala,saka goal reminds bergcamp v ayala
"Even though many players were out, we did our best 
We believe you guys",even though many player best believe guy
Ok but why did Anthony Taylor blow.. Havertz didn't fowl anyone,ok anthony taylor blow havertz fowl anyone
Saka made Robertson sit down in 0.21,saka made robertson sit
"1:43 kiwior win the header szobo didn't protest, havertz win the duel konate didn't protest too but the ref blow the whistle even TAA try to save the ball",kiwior win header szobo protest havertz win duel konate protest ref blow whistle even taa try save ball
1:23 YNWA,ynwa
Arsenal's defense after Gabriel left is very worrying,arsenal defense gabriel left worrying
Quelle passe,quelle passe
What A Game By Saka,game saka
Mo Salah,mo salah
"Big ups lad, we've been so unlucky with these injuries, before timber and gabby got taken out we had liverpool on the ropes.",big ups lad unlucky injury timber gabby got taken liverpool rope
Salahhhhhhhhhhhhhhhhhhhhhhhhhhhhhhhh,salah
Can't wait to play at Anfield with our full team. Great performance,wait play anfield full team great performance
"With our current condition, I'll take that as a good result. Well done boys!!",current condition take good result well done boy
Shame it was ruined by the ref yet again,shame ruined ref yet
Can‚Äôt believe Starboy Saka sent Robertson to the ground and scored that banger ,cant believe starboy saka sent robertson ground scored banger
Diaz's nutmeg made my day ,diaz nutmeg made day
"This is Arsenal 
This is Mikel Arteta 
This is Bukayo Saka Ô∏è",arsenal mikel arteta bukayo saka
"Partey hes so good , him with rice is diamond partnership",partey he good rice diamond partnership
"MC will take the crown, again...",mc take crown
"Salah is so good even at this age! He is just brilliant. You don‚Äôt need to be Liverpool fan to say that.  
And Saka actually pocketed Robertson!",salah good even age brilliant dont need liverpool fan say saka actually pocketed robertson
What a goal from saka,goal saka
Beckham  BEND IT LIKE DECLAN RICE  Those crosses were phenomenal!,beckham bend like declan rice cross phenomenal
"As an Arsenal fan, that last goal should've been allowed",arsenal fan last goal allowed
"Really enjoyed the game, the boys were amazing, opponents were just lucky to come out with a point.",really enjoyed game boy amazing opponent lucky come point
I still don't understand how Kiwior was adjudged to have committed a foul for simply jumping to win a header. Scandalous decision there by the Ref.,still understand kiwior adjudged committed foul simply jumping win header scandalous decision ref
"Saka is easily one of the best players in the world. He‚Äôs been immense this season, going to win the POTS and Playmaker award, watch. Martinelli Penalty and Jesus goal not given, but i‚Äôm not gonna waste my time on corruption.",saka easily one best player world he immense season going win pot playmaker award watch martinelli penalty jesus goal given im gon na waste time corruption
"Watching anthony taylor stop the play back again is absolutely crazy as soon as we gained an advantage he cut it, let the game flow",watching anthony taylor stop play back absolutely crazy soon gained advantage cut let game flow
It's a shame we didn't win. Hope players are well for next matches.,shame win hope player well next match
Saka needs more respect. One of the most underrated wingers in the league ,saka need respect one underrated winger league
I can honestly see Saka being the next one club player,honestly see saka next one club player
"Mikel please I beg you that with the kind of current fixtures , make good substitutions, good use of talented players like Nwaneri, Joghino, Kiwior etc to minimize fatigue, injuries and change the game. Stop being too defensive when you are leading with only one goal.",mikel please beg kind current fixture make good substitution good use talented player like nwaneri joghino kiwior etc minimize fatigue injury change game stop defensive leading one goal
As an Arsenal fan are we supposed to be watching football again? Watch your team been officiated differently. Robbed so hard that even the players sometimes are scared to express themselves on the pitch. When will this end? A lot of Arsenal fans are losing interest in football,arsenal fan supposed watching football watch team officiated differently robbed hard even player sometimes scared express pitch end lot arsenal fan losing interest football
We need another creative channel coz when saka is injured the team lacks that.. Saka was immense,need another creative channel coz saka injured team lack saka immense
I hate EPL referees,hate epl referee
This is going to be an exciting race to the finish in the Premier League. Many solid teams all in striking form to take the title.,going exciting race finish premier league many solid team striking form take title
"Goal salah Coming from the position of Timber which was replaced, it should be included in Zinenko",goal salah coming position timber replaced included zinenko
What a beautiful match.I love these two teams so much.And especially I love English football the most in this world.I hope that at least one of them can dethrone City's dominance and win the Premier League in the future. Maybe even both. And become the best teams.,beautiful match love two team much especially love english football world hope least one dethrone city dominance win premier league future maybe even become best team
"Every day I ask why is it always us that has to deal with all of these constant injuries, I‚Äôm praying big Gabi and JT are both ok  ",every day ask always u deal constant injury im praying big gabi jt ok
SAKAamazing,sakaamazing
"Salah is very smart, how he saw his chance to make that second goal...",salah smart saw chance make second goal
Am still trying to understand why the ref blow his whistle when Arsenal was about to score there 3rd goal cos i didn't see any faul in the build up.,still trying understand ref blow whistle arsenal score rd goal co see faul build
Jakub kiwior is not yet Ready to challenge the arsenal defense,jakub kiwior yet ready challenge arsenal defense
Thomas partey was so good today,thomas partey good today
Thomas partey was so good today,thomas partey good today
"Van Dijk should've been sent off for a foul against Havertz, Arsenal should've gotten a penalty for Konate tackle on Martinelli, there was no foul for Jesus disallowed goal and we should've gotten a corner at the end...",van dijk sent foul havertz arsenal gotten penalty konate tackle martinelli foul jesus disallowed goal gotten corner end
Saka is pure class. Arsenal ,saka pure class arsenal
Why was our third disallowed I don‚Äôt see a foul,third disallowed dont see foul
Why the blazes was that last goal disallowed,blaze last goal disallowed
"Ben Stiller, Gabri, White Rice and Sake. They're all there today, they all played their part with their pants on. As respectable as Mel & Kim.",ben stiller gabri white rice sake today played part pant respectable mel kim
"Great Arteta job. I was even scared without ode, saliba and when Gabi got out my condition even got worse. When I saw skelly against salahbut we managed to get a point. 
Ben white assist ",great arteta job even scared without ode saliba gabi got condition even got worse saw skelly salahbut managed get point ben white assist
That ball from rice ,ball rice
"What is stranger/amazing about the final goal is   
actually the ball was for Salah to chase,  instead very diligent N ran to the ball and Salah instantly understood and ran to the middle.",stranger amazing final goal actually ball salah chase instead diligent n ran ball salah instantly understood ran middle
That saka goal is out of this world ,saka goal world
Saka de star boy ,saka de star boy
"So, when kiwior makes the challenge, the ref doesnt react. But when Havertz gets on goal, he whistles. And no reaction from any liverpool player, not even the one who gets ""foulded"". That is not fair at all.",kiwior make challenge ref doesnt react havertz get goal whistle reaction liverpool player even one get foulded fair
Saka  so good man,saka good man
best league. worst refs. they'll be responsible for the downfall of epl. I'm sure there's a calciopoli-like scandal coming. mark my words,best league worst ref responsible downfall epl sure calciopoli like scandal coming mark word
"I'm so proud of this team, even when the odds are constantly against us we stood up and made ourselves be counted. I have to say I'm really fed up with the refereeing in this league, it's no longer the Premier League as it should be the Referees' League. The only thing that is stellar right now is our own players.",proud team even odds constantly u stood made counted say really fed refereeing league longer premier league referee league thing stellar right player
Kiwior MOTM ,kiwior motm
"As a messi fan, watching players like Salah, Saka, Palmer, Yamal is like enjoying small specific parts of Messi.",messi fan watching player like salah saka palmer yamal like enjoying small specific part messi
Super proud of the team. Outplayed them despite missing key players. Onto the next one. COYG!,super proud team outplayed despite missing key player onto next one coyg
"Saka, back on the bang.",saka back bang
We were cheated a third goal by the referee! He saw no foul until he realized we were about to score... Why did he hesitate so long to blow the whistle and clearly it wasn't for an advantage?,cheated third goal referee saw foul realized score hesitate long blow whistle clearly advantage
Saka is the presently the best right winger in the league. You may argue with your phone. That is fact,saka presently best right winger league may argue phone fact
M Salah ,salah
Kiwior is not good enough we need too sell him this Winter,kiwior good enough need sell winter
Love from Bangladesh üáßüá©üáßüá©üáßüá©,love bangladesh
That was like mpappe finish by saka,like mpappe finish saka
Havertz was still moving and that‚Äôs a goal,havertz still moving thats goal
What a match man!!!!,match man
Martinelli really tried Keep it up,martinelli really tried keep
Robertson got absolutely done,robertson got absolutely done
excellent pass from Trent,excellent pas trent
Luis Diaz Ô∏è,luis diaz
Until i die I love arsenal the gunners  like this comment üáπüáø,die love arsenal gunner like comment
Another top quality ref,another top quality ref
"It's funny how people don't consider that , Arsenal plays  Partey at RB for now, White as CB although he used to be one , Gabriel and timber were than subed due to injury which changed the game, Saka was not fully fit...they were without Odegaard, Calafiori and Saliba ,And you guys want them to win against Liverpool who only had 1 crucial player missing which is Jota i guess",funny people consider arsenal play partey rb white cb although used one gabriel timber subed due injury changed game saka fully fit without odegaard calafiori saliba guy want win liverpool crucial player missing jota guess
Saka‚Äôs goal reminded me of Bergkamp.,sakas goal reminded bergkamp
beautiful game,beautiful game
If you look closely he blows the whistle when he sees havertz is going to score,look closely blow whistle see havertz going score
Goooooood job Arsenal. We keep on moving,god job arsenal keep moving
Salah,salah
Should have won,
"As a football fan, that last goal should've counted. It have nothing to do with what team you back. There was no foul. If it was a foul right away the ref would've blown right there because it is no way the other team had any advantage of play. But the ref waits all that time to kill time (no) to see if the arsenal player will score (very shady indeed) also the last play should've been a corner.",football fan last goal counted nothing team back foul foul right away ref would blown right way team advantage play ref wait time kill time see arsenal player score shady indeed also last play corner
uncle Partey was at his best today,uncle partey best today
"watch how the ref first waits, and when Havertz is through, he blows the whistle. He clearly did it intentionally. If Havertz didnt go through forward, he would have never blown that whistle. He is really unscrupulous",watch ref first wait havertz blow whistle clearly intentionally havertz didnt go forward would never blown whistle really unscrupulous
–¢–æ–ª—å–∫–æ —Ç–æ–ª—å–∫–æ –ê—Ä—Å–µ–Ω–∞–ª –≤—Å–µ–≥–¥–∞ –≤ –º–æ—ë–º —Å–µ—Ä–¥—Ü–µ Ô∏èÔ∏èÔ∏è,
1:41 look at how many times the ref goes to try and give a foul against us. He goes to bring his whistle up so many times. Waiting for any opportunity. It's painful to see. This is our Zapruder tape.,look many time ref go try give foul u go bring whistle many time waiting opportunity painful see zapruder tape
Pretty fair results at the end,pretty fair result end
"Taylor senses a goal threat from Kai and then blows. Great defending by the 12th man. But seriously, this is disgusting and I'm fed up of it! COYG!",taylor sens goal threat kai blow great defending th man seriously disgusting fed coyg
Antony Taylor Was The Man Of The Match,antony taylor man match
Martinelli's position was not given a clear penalty. The goal scored in the last minutes was cancelled. Nothing much has changed since the past years. Arsenal's rights continue to be usurped. It's such a shame.,martinelli position given clear penalty goal scored last minute cancelled nothing much changed since past year arsenal right continue usurped shame
If you look closely you can see the exact moment Taylor blew the whistle for a foul. As soon as havertz had a chance to score. It‚Äôs a disgrace. He didn‚Äôt call the foul until havertz headed it to himself,look closely see exact moment taylor blew whistle foul soon havertz chance score disgrace didnt call foul havertz headed
"Liverpool ate that game , we are tooo relaxed",liverpool ate game relaxed
Salah super star player ,salah super star player
Yeah..the announcer was so amazed at every arsenal goals...and sound so dissapointed at every liverpool goals......oooh..it's so UNBELIEVABLE....,yeah announcer amazed every arsenal goal sound dissapointed every liverpool goal oh unbelievable
Ridiculous to blow a whistle for a foul when the the Liverpool player didn't even make a reaction from Kiwior's header 1:45,ridiculous blow whistle foul liverpool player even make reaction kiwior header
Arsenal played really well! I wonder how you guys lost to Bournemouth?! Man City really has to level up if they want to win PL this year.,arsenal played really well wonder guy lost bournemouth man city really level want win pl year
We deserved the win in this match Ô∏è,deserved win match
"We are an attacking brand, So much Respect for our manager, But he must master the art of managing the game especially  when u have three top midfielders on the field, P.R&M. He will be the first to lift UCL for gooners. This team is happy and hungry. The Refs are fuelling us",attacking brand much respect manager must master art managing game especially u three top midfielders field p r first lift ucl gooners team happy hungry ref fuelling u
Our rivals are left totally disgusted watching us school Liverpool with half of our first team out injured.,rival left totally disgusted watching u school liverpool half first team injured
That's why we wanted him back,wanted back
"My heart hurts, the wrong goal came from Timber's position being replaced  Arteta should have brought on zincenko",heart hurt wrong goal came timber position replaced arteta brought zincenko
What Arteta build and is building in Arsenal deserves respect ü´° . YNWA,arteta build building arsenal deserves respect ynwa
Liverpool was overrated before the game. But only to be saved by brazen corrupt referee against the  B team Arsenal... Shame!!!,liverpool overrated game saved brazen corrupt referee b team arsenal shame
Kiwior and skelly were confused. Salah knew how to capitalize and moved into space and simple finish.,kiwior skelly confused salah knew capitalize moved space simple finish
Teach Havert ball controlling & finishing ,teach havert ball controlling finishing
Please kindly win the league  for us,please kindly win league u
What a third goal. I think ist regular goal.,third goal think ist regular goal
"So looking at Saka's quality is Foden better??
I mean just look at what he did to Robertson",looking saka quality foden better mean look robertson
Thamos was my man of the match  he was very good in number 2,thamos man match good number
The ref sold us at ast saka is youngest Arsenal player ever to score 50 goals in all competions!,ref sold u ast saka youngest arsenal player ever score goal competions
"COYG –ö—Ä–∞—Å–∞–≤—Ü—ã, —Ö–æ—Ä–æ—à–æ —Å—ã–≥—Ä–∞–ª–∏, —Ö–æ—Ç—å –∏ –Ω–∏—á—å—é",coyg
"Nothing to say more...

Five years Arteta's team progress < Half years Maresca's team progress

(Most defence attitude < Most attacking attitude)

(Excuses & Biases < Adaptability & Development)",nothing say five year arteta team progress half year maresca team progress defence attitude attacking attitude excuse bias adaptability development
2 2 against Liverpool without Saliba and √ñdegaard is not bad but to become Champions Arsenal needs to step up ASAP. The width of the selection is sufficient compared to previous seasons,liverpool without saliba odegaard bad become champion arsenal need step asap width selection sufficient compared previous season
"Given our team's injuries, this was Liverpool's chance to make a statement and blow us out of the title race. But by the way we played, almost winning it at the end, I'd say we're still in it. Credit to the lads for giving it a good shot. Recover, and keep pushing on. COYG 
Bless up ",given team injury liverpool chance make statement blow u title race way played almost winning end say still credit lad giving good shot recover keep pushing coyg bless
"Arsenal need a pure striker, come on Arsenal bring in striker Gyokeres ",arsenal need pure striker come arsenal bring striker gyokeres
"Congratulations boys...
Am worried about the injuries we got yesterday....timber, big Gabby,......cala is out ,Tommy is out ..but we trust the process",congratulation boy worried injury got yesterday timber big gabby cala tommy trust process
Saka sat down shipped to Scotland and ended Robertson's career,saka sat shipped scotland ended robertson career
After replay i see after Kivior wins the header the ball falls to a raised Kai arm..i think thats why the ref blows the whistle,replay see kivior win header ball fall raised kai arm think thats ref blow whistle
Nice performance from the guys. Let's get back to the winning way. We are winning the title this season,nice performance guy let get back winning way winning title season
Is it me or the ref only blows his whistle as soon as he realises Havertz is through haha,ref blow whistle soon realises havertz haha
VVD is running back to help Robertson in the first goal like he didn't want that child,vvd running back help robertson first goal like want child
Please can someone tell me why the ref waited for Havertz to be on goal before he blew his whistle and what was foul was it for?,please someone tell ref waited havertz goal blew whistle foul
Next season fc hopes shattered with Salahs goal ,next season fc hope shattered salah goal
My main dream is to watch Arsenal playing at Emirates Stadium So help me God,main dream watch arsenal playing emirate stadium help god
"Arsenal at least avoided a red card this time. That's satisfying plus Saka, Merino back from injury and Merino getting his first Gunner goal. So despite some dropped points Arsenal are  back ontrack.",arsenal least avoided red card time satisfying plus saka merino back injury merino getting first gunner goal despite dropped point arsenal back ontrack
Liverpool is amazing...,liverpool amazing
"Anthony Taylor waiting for Kai to touch the ball to deny that goal is criminal.
He could've let the play unfold and let VAR look at it (And give us a red card or something, I don't know what they do anymore...)",anthony taylor waiting kai touch ball deny goal criminal could let play unfold let var look give u red card something know anymore
Liverpool occasionally moved out of first gear and got away with a draw. Arsenal was at it's level best. This says a lot for how this season will end.,liverpool occasionally moved first gear got away draw arsenal level best say lot season end
Fair to say Bukayo Saka is a new Messi,fair say bukayo saka new messi
Saka th·∫≠t s·ª± hay,saka su hay
"saka in Arsenal : 
saka in England :     ",saka arsenal saka england
I hope this injury and suspension crisis ends.,hope injury suspension crisis end
"Lewis-Skelly wasn't the only one to blame for 2nd goal: Martinelli lost the ball too easily in attack, and because of this Lewis-Skelly didn't have time to get back into defense.
Incidentally, Martinelli was also to blame for the first goal conceded, he lost his mark on Luis Diaz, allowing him to make an assist to Van Dijk.
In general, Martinelli plays poorly in defense, and often loses the ball in attack, which leads to effective counter-attacks on his own goal.",lewis skelly one blame nd goal martinelli lost ball easily attack lewis skelly time get back defense incidentally martinelli also blame first goal conceded lost mark luis diaz allowing make assist van dijk general martinelli play poorly defense often loses ball attack lead effective counter attack goal
Ben White inherited Fabregas shirt and  brought us a Fabregas pass,ben white inherited fabregas shirt brought u fabregas pas
this is a good film.,good film
Martinelli was our weak point this match‚Ä¶ so many chances were inefficiently handled by him,martinelli weak point match ... many chance inefficiently handled
Thanks alot.,thanks alot
Why Kiwior challenge is taken as a foul?,kiwior challenge taken foul
That Ben white pass to saka is Toni kross trademark,ben white pas saka toni kross trademark
Alhamdulilah Saka Dan Merino Buka Keunggulan Arsenal Atas Liverpool Tapi The Red Gol Penyama Virgil Dan MO Salah,alhamdulilah saka dan merino buka keunggulan arsenal atas liverpool tapi red gol penyama virgil dan mo salah
"brilliant performance, but injuries really worrying hopefully we can get through this tough period with wins. what was the goal disallowed for btw?",brilliant performance injury really worrying hopefully get tough period win goal disallowed btw
You can see how eager Anthony was to blow his whistle for no reason. We won 3-2 in my eyes,see eager anthony blow whistle reason eye
2-2 the best result for MC,best result mc
Partey is in the form of his life,partey form life
Saka absolutely skinned Robertson,saka absolutely skinned robertson
Liverpool were unlucky to have drawn the game ,liverpool unlucky drawn game
Lagi musim umpan lambung sepakbola moderan akhirnya balik lagi ke tempo dulu,lagi musim umpan lambung sepakbola moderan akhirnya balik lagi ke tempo dulu
Saka from Injury But still Good ,saka injury still good
Salah is the most underrated  player of EPL,salah underrated player epl
"always counter attack... always suffer.. defending like that... heartbreaker to see salah made a goal.... in to next year... we'll be bouncing back,",always counter attack always suffer defending like heartbreaker see salah made goal next year bouncing back
GUNNERS FOR EVER,gunner ever
White saka ,white saka
"The game was dirty.
Played like children attacking each other, but at least Arsenal didn‚Äôt lose the game 1 point was a mentality relief .
Liverpool defence was pretty similar to Arsenal in corner and they scored too, however Merino debuted with the equalizer goal, not bad.
Not Gunner started to score sooner or history is coming back just like 3 Arteta season",game dirty played like child attacking least arsenal didnt lose game point mentality relief liverpool defence pretty similar arsenal corner scored however merino debuted equalizer goal bad gunner started score sooner history coming back like arteta season
Why the pause from the refree on the last minute if there was a foul? when havertz did through the defender then he call itu foul.. ,pause refree last minute foul havertz defender call itu foul
Arsenal fans how do you like Anthony Taylor,arsenal fan like anthony taylor
everyone was talking ant ‚Äútoo many defenders‚Äù imagine if we hadn‚Äôt signed them all. we would be in a way worse place with the current injuries,everyone talking ant many defender imagine hadnt signed would way worse place current injury
"I am already waiting to go to anfield with our captain back and saliba gabriel in the center. 
Counting days.....",already waiting go anfield captain back saliba gabriel center counting day
Lucky that Alison wasn‚Äôt playing if not Liverpool will definitely win.,lucky alison wasnt playing liverpool definitely win
Not a fan of either. But a great battle of title contenders,fan either great battle title contender
Ofc VAR/ref missed the two Van Dijk stud kicks at Havertz,ofc var ref missed two van dijk stud kick havertz
 class goal by the boy..gutted about the result..COYG,class goal boy gutted result coyg
"If Arsenal never shows their power with actions, others will bully Arsenal again and again.",arsenal never show power action others bully arsenal
Space for the citizen,space citizen
Goalnya salah ,goalnya salah
Nice  Top fan,nice top fan
Haverts will cost Arteta his job,haverts cost arteta job
TAA pas is perfect,taa pa perfect
Sallah got a cheap goal. Poor defense from Kiwior,sallah got cheap goal poor defense kiwior
Extended highlights,extended highlight
Good jobs boys,good job boy
"Premier league officiating is getting worse everyday , pure corruption ",premier league officiating getting worse everyday pure corruption
Star Boy,star boy
Arsenal has to bring up the refereeing issue it is unacceptable,arsenal bring refereeing issue unacceptable
"Why we glazing saka bro,
also Im glad we drew",glazing saka bro also im glad drew
Arsenal could be the champion when pep is gone,arsenal could champion pep gone
The Madness came back by liverpool,madness came back liverpool
This result good for city,result good city
Liverpool without salah is nothing,liverpool without salah nothing
liverpool amzing...,liverpool amzing
Is anyone know what happened in the third goal ?,anyone know happened third goal
Arsenal ,arsenal
"We wantt at least a major trophy dis season 
I‚Äôm tired of hearingg ‚Äú trust de process ‚Äú ",wantt least major trophy dis season im tired hearingg trust de process
"No way was that a foul by Kiwior! The scouser didn‚Äôt even bother jumping, just turned his back on the ball! These referees are so poor!!",way foul kiwior scouser didnt even bother jumping turned back ball referee poor
Nice,nice
I'm so disappointed in this resultÔ∏è. Arsenal should've won this game,disappointed result arsenal game
Still waiting for full team,still waiting full team
probably one of the worst officiating I've ever seen...,probably one worst officiating ever seen
No salah so amazing,salah amazing
"Mo Salah owns this club, period!!!!",mo salah owns club period
Martinelli was so poor,martinelli poor
English officiating is just despicable,english officiating despicable
Saka did Robo dirty,saka robo dirty
We are LIVERPOOL,liverpool
City we on top,city top
Pep is chiling ,pep chiling
Man did a Dennis Bergkamp,man dennis bergkamp
Saka made Arnold look like  championship material and yet he is not 100% fit,saka made arnold look like championship material yet fit
"As always, when we in good form then injuries came like a curse",always good form injury came like curse
Thanks gunners but all in all! We need a striker,thanks gunner need striker
"PGMOL‚Äôs Premier League.. We should have joined the Super League. Nevertheless, onto the next one!",pgmols premier league joined super league nevertheless onto next one
Nunez,nunez
Where is Tomiyasu and Saliba?,tomiyasu saliba
"The only problem with this team is the way them relent after scoring one, two and three...I don't know if that's arteta tactics but it ain't working that much against the Big six",problem team way relent scoring one two three know arteta tactic working much big six
You kept playing despite mac allister being on the ground while we shot the ball out of play when Timber got injured. Just shows what kind of team you are,kept playing despite mac allister ground shot ball play timber got injured show kind team
"Our players need to work harder on finishing on goal! 

And Arteta needs to stop insisting on making this team play with a high defense line and playing tricks.

Before criticizing Kiwior, criticize the coach and the way he puts the team to play!",player need work harder finishing goal arteta need stop insisting making team play high defense line playing trick criticizing kiwior criticize coach way put team play
"LFC defenders and midfielders were too conservative with passes,  except for Salah's goal just one semi-good chance to score and 1 shot on goal (for MacAllister) and it would be a miracle if he did score that (xG=0.08). In the second half LFC controlled the ball 63% but didnt create any chances from open play except for Salah's goal.  Cant win titles if you cant switch on the full out attack, especially when the opponent is vulnerable like Arsenal were, and break down the opponent.",lfc defender midfielders conservative pass except salah goal one semi good chance score shot goal macallister would miracle score xg second half lfc controlled ball didnt create chance open play except salah goal cant win title cant switch full attack especially opponent vulnerable like arsenal break opponent
This game is another evidence that Thomas Partey is a vital part of this current Arsenal project and that is not going to change anytime soon. Of course I know he is 31 years old.,game another evidence thomas partey vital part current arsenal project going change anytime soon course know year old
Ben White and Partey were  good today..hope Gabriel's injury is not serious,ben white partey good today hope gabriel injury serious
"Liverpool fans for the past one year: 

Basketball Odegaard

This game alone:

1. Konate karate kicking Martinelli in the box without the ball - not a penalty
2. Van Dijk karate kicking Havertz twice off the ball - no VAR review of violent conduct
3. Diaz kicking the ball away when whistle was blown, no card.",liverpool fan past one year basketball odegaard game alone konate karate kicking martinelli box without ball penalty van dijk karate kicking havertz twice ball var review violent conduct diaz kicking ball away whistle blown card
We were dominating the game and we could have easily won the match but unfortunately our defenders got injured anyway well played gunners,dominating game could easily match unfortunately defender got injured anyway well played gunner
"If there is one Arsenal FC employee feeling bad tonight, it is NJ for that poor defending for Liverpool‚Äôs equaliser from the corner. What a mess.",one arsenal fc employee feeling bad tonight nj poor defending liverpool equaliser corner mess
I forget many times this Liverpool team is playing just there 9th league match under slot. they will improve,forget many time liverpool team playing th league match slot improve
–¢—ã –Ω–∏–∫–æ–≥–¥–∞ –Ω–µ –±—É–¥–µ—à—å –æ–¥–∏–Ω ,
"Watch the second goal by Arsenal, play the Video slowly by reducing the speed of the video, you will see that Arsenal players were offside even though they tried to get back on side, but they didn't they were always behind the line formed by Liverpool players. VAR shouldn't allowed that goal. It was a complete Offside goal.",watch second goal arsenal play video slowly reducing speed video see arsenal player offside even though tried get back side always behind line formed liverpool player var allowed goal complete offside goal
"This is mad, all the Liverpool players and their no8 didn‚Äôt even expect a free kick! The ref just gave it ",mad liverpool player didnt even expect free kick ref gave
The commentator is an Arsenal fun,commentator arsenal fun
"Arteta substituting experienced players with academy players,especially in the defense,will cost him the league.",arteta substituting experienced player academy player especially defense cost league
The present one can be nice scene.,present one nice scene
Can somebody explain to me why Havertz goal was cancelled? Ô∏è,somebody explain havertz goal cancelled
Am beginning to hate these EPL referees. Can't we just be given an opportunity to play in Laliga coz its seems like premier league doesn't want us to participate in their league,beginning hate epl referee given opportunity play laliga coz seems like premier league want u participate league
"No Saliba ,has cost us.",saliba cost u
Arnold and Robertson were ghost ,arnold robertson ghost
Arsenal has been flying,arsenal flying
"Length of time VAR took over the Merino  goal. They were desperate not to give it. 
Havertz, where was the foul? The refs will not let us win the prem under any circumstances. Mansours got every base covered. Congrats to City on 5 and 6 in a row",length time var took merino goal desperate give havertz foul ref let u win prem circumstance mansours got every base covered congrats city row
"Arteta said we will be flying, we have flown away from title race",arteta said flying flown away title race
Blowing the whistle there should be a prison sentence,blowing whistle prison sentence
Kiwior Kiwior Kiwior,kiwior kiwior kiwior
YnwaÔ∏è,ynwa
If that was haaland they would allow that havertz goal lol ngl,haaland would allow havertz goal lol ngl
The back 4 need extra lessons on how to effectively play the offside trap. They failed miserably today‚Ä¶,back need extra lesson effectively play offside trap failed miserably today ...
Timber he is good player but not Constance because injury ,timber good player constance injury
SZOBO is a key player for LFC!,szobo key player lfc
Kiwior is ready,kiwior ready
True,true
If Big Gab and Timber were still on they would‚Äôve denied the 2nd Liverpool goal,big gab timber still wouldve denied nd liverpool goal
"WHY ALL THIS REFFS NOT HELD ACCOUNTABLE FOR ALL THIS RUBBISH OFFICIATING, HOW WAS HAVARTZ GOAL WAS DISALLOWED IS WHAT I CANT UNDERSTAND Ô∏è",reffs held accountable rubbish officiating havartz goal disallowed cant understand
Good one for arsenal,good one arsenal
Arsenal since Wenger days are disturbed by set pieces.  Lucky to get a point.,arsenal since wenger day disturbed set piece lucky get point
another underwhelming game from the Gunners.,another underwhelming game gunner
"The fanbase here in üá≥üá¨ are growing higher in belief in d wonder we are @, clubs assured of winning us home & away, now beg for a draw
Though we miss Timber & Gabriel Fernandez",fanbase growing higher belief wonder club assured winning u home away beg draw though miss timber gabriel fernandez
That Liverpool lb ,liverpool lb
Arsenal has players who are not winners. 2nd or 3rd place in table.,arsenal player winner nd rd place table
"as a liverpool fans
i have a question
why saka always good in first half",liverpool fan question saka always good first half
"van djik could have done something to prevent the 1st goal ,he should give cover to robertson when saka receive the ball rather than let robertson alone defence saka",van djik could done something prevent st goal give cover robertson saka receive ball rather let robertson alone defence saka
"Arsenal's second goal was offside, I don''t know why VAR could not see that Arsenal players did actually put themselves on side after they stand offside before the ball was kicked, they tried to get back on side but they didn't completely put themselves on side at all, they were always behind the line setup by Liverpool's players. That goal was offside period! It shouldn't have been allowed to stand.",arsenal second goal offside know var could see arsenal player actually put side stand offside ball kicked tried get back side completely put side always behind line setup liverpool player goal offside period allowed stand
–õ—é–±–æ–π –º–∞—Ç—á –∞—Ä—Å–µ–Ω–∞–ª–∞ –∏ –ú–° –Ω–µ–≤–æ–∑–º–æ–∂–Ω–æ —Å–º–æ—Ç—Ä–µ—Ç—å.,
Why was the goal disallowed at the end I'm confused,goal disallowed end confused
"After 9 match, I can concluded that the biggest challenge for Arsenal this season are referee & injuries.  

I don‚Äôt mind to lose if we play poor. But I can‚Äôt accept any poor referee. Arsenal player can simply get yellow card for any reason, just touch or trip down the opponent even in attack also will get a foul or card. But opponents simply can just use their whole body to bang into our player with no foul, no penalty, no card.",match concluded biggest challenge arsenal season referee injury dont mind lose play poor cant accept poor referee arsenal player simply get yellow card reason touch trip opponent even attack also get foul card opponent simply use whole body bang player foul penalty card
Why Tailor gave that as a foul in the third goal surprises many.. It is the usual poor refereeing. We are proud regardless..,tailor gave foul third goal surprise many usual poor refereeing proud regardless
"Luis Diaz play looks good but it's one touch to many, usually ends up in opponents hands or right footer shot wide.",luis diaz play look good one touch many usually end opponent hand right footer shot wide
That goal should‚Äôve stood.. what a joke of a ref. He waited for the chance to be clear on goal before signalling a foul (which is also not a foul),goal shouldve stood joke ref waited chance clear goal signalling foul also foul
"Also also, the sideline official was either blind or corrupt for not giving us corner kick in the last second of the game.",also also sideline official either blind corrupt giving u corner kick last second game
–í—ã –Ω–∞—Å –æ–≥–æ—Ä—á–∏–ª–∏,
"How Arsenal was playing every time :

Attack, Control the game, Scored.

Drop off early, let the opposition control the game, Conceded.

Repeat.",arsenal playing every time attack control game scored drop early let opposition control game conceded repeat
Not a good performance by Small Gabi and Kai but as Arteta said Kai needs love he needs to feel protected around him. But he didn‚Äôt feel protected because there are number of players injured. So lets move on and focus on Newcastle,good performance small gabi kai arteta said kai need love need feel protected around didnt feel protected number player injured let move focus newcastle
1:38 You can CLEARLY see the ref blow the whistle only when he realises Havertz is in to score a goal. Liverpool's No.8 didn't have a clue about a foul or that a foul was given against him. Robbed,clearly see ref blow whistle realises havertz score goal liverpool clue foul foul given robbed
That was suppose to be the winning goal. Keeper didn't touch the ball and didn't even shake him or fell him down.,suppose winning goal keeper touch ball even shake fell
Why is Antony Taylor still allowed to Referee Arsenal games? Same guy allowed a much more obvious foul against Newcastle last season which ultimately cost us.,antony taylor still allowed referee arsenal game guy allowed much obvious foul newcastle last season ultimately cost u
Even though i'm on lfc side i still couldn't figuring out what makes him blow the whistle 1:37,even though lfc side still figuring make blow whistle
Lewis skelly forgot that he came on as LB.   Where was he for the goal ,lewis skelly forgot came lb goal
"Question.
On Liverpool's 2 goal, Salah influenced the play when Trent passed the ball. Shouldn't the referee call for an offside?",question liverpool goal salah influenced play trent passed ball referee call offside
Shaka should come to united to save us as a messiah,shaka come united save u messiah
"Salah 32 years of age, and two Arsenal defenders are left far behind. How come?",salah year age two arsenal defender left far behind come
"At least this time, the video title cannot manipulate to fictitious victory of Arsenal.",least time video title manipulate fictitious victory arsenal
"This highlight did not show where the dark-art FC goalkeeper and players where falling and lying down on the field. As their new skill, it should be included in highlights",highlight show dark art fc goalkeeper player falling lying field new skill included highlight
Now I understand why Mikel Arteta keep on buying defender..,understand mikel arteta keep buying defender
"At the start of the season, we were boasting about our defence. Only air can pass through our back four. That's what we said. And now...
Saliba - Injured
Tomiasu - Injured
Calafiori - Injured
Gabriel - Substituted (Hope it is not serious)
Timber - Substituted (Hope it is not serious)

Help us God!",start season boasting defence air pas back four said saliba injured tomiasu injured calafiori injured gabriel substituted hope serious timber substituted hope serious help u god
"I keep watching that disallowed goal‚Ä¶ why doesn‚Äôt ref blow the whistle immediately after the ‚Äúfoul‚Äù, fully how no LFC players were appealing‚Ä¶ he barely touched him he just jumped to win the header. Should have been 3-2 imo",keep watching disallowed goal ... doesnt ref blow whistle immediately foul fully lfc player appealing ... barely touched jumped win header imo
Fans out here wailing about our transfer season... Yet both our signing have produced pivotal goals in their first 4 starts for us... Stop whining and let the coach coach...,fan wailing transfer season yet signing produced pivotal goal first start u stop whining let coach coach
now i'm sure no one would complain if arteta spends next transfer window getting 5 CB's and 5 Wb's ,sure one would complain arteta spends next transfer window getting cb wb
Salah positioning to expect pass to score a goal,salah positioning expect pas score goal
"Chelsea is now 1 point behind Arsenal with a better GD. Liverpool  and City are still above Arsenal, this was a good day at the office",chelsea point behind arsenal better gd liverpool city still arsenal good day office
"As long as Guardiola is the manager of City, Arteta and Arsenal are just a participant.",long guardiola manager city arteta arsenal participant
Anthony Taylor just decided to make up a foul for Liverpool immediately he realized we're beating them... I don't know how we are going to survive with all the hatred and biasness from the PL REFEREES,anthony taylor decided make foul liverpool immediately realized beating know going survive hatred biasness pl referee
"Our players are dropping like flies!
And I don't get why our winning goal was denied",player dropping like fly get winning goal denied
Partey was so good,partey good
"How is it a foul by kiwior for the 3rd goal? also, how delayed is the ref's whistle. He blows it way after it only when we are clear through.",foul kiwior rd goal also delayed ref whistle blow way clear
Tapas Pulis always defends deep when we go up. That's not how you win the league.,tapa pulis always defends deep go win league
Dont waste your time in Arsenal. You got nothing Saka.,dont waste time arsenal got nothing saka
COYG Ô∏èÔ∏è,coyg
Should've won  but this quite the result despite the injuries,quite result despite injury
We only need salah,need salah
Emirates Stadium A.K.A Salah playground ,emirate stadium k salah playground
Commentator hates Liverpool for sure ! ,commentator hate liverpool sure
I still don't know why that goal was disallowed,still know goal disallowed
as a barca fan impressivee,barca fan impressivee
What has taylor whistled in the third goal by Arsenal?,taylor whistled third goal arsenal
"Please, guys, where was the foul coming from with Arsenal 3rd goal",please guy foul coming arsenal rd goal
What did the ref blow the whistle for?,ref blow whistle
"Arsenal without martin, their game is a mess",arsenal without martin game mess
David Raya should have done better to safe those second goal by being aggresive taking the initiative,david raya done better safe second goal aggresive taking initiative
Miss odegaard ,miss odegaard
"Again we lose points cheaply while Manchester City slips through in the last minutes, I don't understand these Arteta changes where he puts in young inexperienced players of 17,18 years old.",lose point cheaply manchester city slip last minute understand arteta change put young inexperienced player year old
Haverts didn't make any faul whatsoever Tyler just got it wrong,haverts make faul whatsoever tyler got wrong
Robertson defending leading to saka goal was so poor,robertson defending leading saka goal poor
Hope we all inform that we not gunning for premier league this season,hope inform gunning premier league season
"As optimistic as i would like to be, city will not give up a 5 nil lead, they unfortunately won their 5 straight premier league title",optimistic would like city give nil lead unfortunately straight premier league title
Am I the only one who felt we dropped 2 points this game??.. We are 2-1 up.. playing at home .. with 11 men!.. just because Gabi got injured.. why should that make us concede possession so much.. our back line is good enough to beat the press and hold the ball. We kept thumping it forward hoping Kai could hold the ball up and get a foul. This defensive mentality when we are up is going to kill us this season,one felt dropped point game playing home men gabi got injured make u concede possession much back line good enough beat press hold ball kept thumping forward hoping kai could hold ball get foul defensive mentality going kill u season
Nahh did kai havertz just kiss saka after his goal ,nahh kai havertz kiss saka goal
Im United supporter but i think Liverpool deserves to win PL and City must be stopped,im united supporter think liverpool deserves win pl city must stopped
"As optimistic as i would like to be, city will not give up a 5 nil lead, they unfortunately won their 5 straight premier league title",optimistic would like city give nil lead unfortunately straight premier league title
"That Moreno goal was an offside
VAR robbed Liverpool there",moreno goal offside var robbed liverpool
"Havertz, Jesus, TAA and Kelleher should all have received yellow cards for playing on after the whistle there. Clearly delayed the restart.",havertz jesus taa kelleher received yellow card playing whistle clearly delayed restart
why did he wait? why was he waiting to whistle? why are premier league refferes so inconsistent,wait waiting whistle premier league refferes inconsistent
"Kita butuh pemain sayap kiri yang lebih bisa menekan, tanpa membuang banyak peluang",kita butuh pemain sayap kiri yang lebih bisa menekan tanpa membuang banyak peluang
Who is foul in the Arsenal last minute goal..?,foul arsenal last minute goal
Our team Arsenal,team arsenal
"Without Saka, Arsenal is nothing. Gosh the lengths they went to to get him to play",without saka arsenal nothing gosh length went get play
There was no offside if so why could the lines man raise the flag and if the referee so the offside from where he was standing its so amazing,offside could line man raise flag referee offside standing amazing
Has anyone noticed how we're losing a player every match..like if it's not a red card.. it's injuries.. First Saliba red card then Calafiori injury and now Gabriel injury.. consecutively,anyone noticed losing player every match like red card injury first saliba red card calafiori injury gabriel injury consecutively
I don't like highlights without time line,like highlight without time line
damn ref saw that havertz might score then he decides to blow the whistle Ô∏èÔ∏è,damn ref saw havertz might score decides blow whistle
"Bukayo , starboy",bukayo starboy
Take the draw but I am not liking the amount of injuries we are picking up,take draw liking amount injury picking
Saka is more important than Ode?? ,saka important ode
How the HELL was that a foul!!?? Robbed!! Anthony Taylor  you MUPPET - NO Liverpool player complains,hell foul robbed anthony taylor muppet liverpool player complains
you guys should have bagged all 3 points,guy bagged point
Cakep... 1 point penting,cakep point penting
"Kiwior need to more aggresive,.. and read the game quickly",kiwior need aggresive read game quickly
We conceeded second one defending like we Barrow FC,conceeded second one defending like barrow fc
"Kiwior need to more aggresive,.. and read the game quickly",kiwior need aggresive read game quickly
We conceeded second one defending like we Barrow FC,conceeded second one defending like barrow fc
No foul by kiwior. Szob was too slow and did not even jump for that header,foul kiwior szob slow even jump header
Liverpool ,liverpool
We tied but I know Arsenal will win the 2024/25 Premier LeagueÔ∏è (GG Liverpool).,tied know arsenal win premier league gg liverpool
"I can't stand with this mentality, every time we're ahead then suddenly we sit tight on defense. Feels like small club try to secure win against big team, what a shame. Every counter attack nobody running, there always someone to delay and backpass again, WE AIN'T GOING NOWHERE WITH THIS MENTALITY.

WE HAVE TO ADMIT THAT OUR HALF SQUAD IS ONLY BETA.",stand mentality every time ahead suddenly sit tight defense feel like small club try secure win big team shame every counter attack nobody running always someone delay backpass going nowhere mentality admit half squad beta
Joss bro,joss bro
"Thanks Mo Salah, you saved the world from noise pollution of the team with no titles ",thanks mo salah saved world noise pollution team title
"People Havert miss a sitter, we would have been 3-1 at half time, these kind of chances are clinical in a big game like this",people havert miss sitter would half time kind chance clinical big game like
I feel sorry for Robertson,feel sorry robertson
Roberson needs to improve man ‚Ä¶but I‚Äôll take a draw away from home,roberson need improve man ... ill take draw away home
Why did Antony Taylor disallow that goal,antony taylor disallow goal
"Arteta putting skelly instead of zinchenko i knew we will not win that game, zinchenko is liability defensively but why gamble for a young boy who has not played such kinds of game.",arteta putting skelly instead zinchenko knew win game zinchenko liability defensively gamble young boy played kind game
how tf was tje last goal dissalowed?? nothing wrong at all with it,tf tje last goal dissalowed nothing wrong
Saka scored and he wasn‚Äôt even in the thumbnail ,saka scored wasnt even thumbnail
The referee is against us again. The last corner was not awarded,referee u last corner awarded
How the hell is that header at 1.44 through to Havertz a foul on the Liverpool player?,hell header havertz foul liverpool player
"Arsenal and Liverpool played, MC won",arsenal liverpool played mc
Mo Salah Magical performance ,mo salah magical performance
Ok let's be honest what was wrong with Arsenal's 3 goal,ok let honest wrong arsenal goal
better team liverpool bigger club great result from home,better team liverpool bigger club great result home
The commentator is an arsenal fan. Listen how he celebrates arsenal goals vis a vis Liverpool's,commentator arsenal fan listen celebrates arsenal goal vi vi liverpool
King Salah,king salah
how is the kiwior header a foul? can someone please explain it to me? and why did he whistle when havertz got the ball over the keeper?,kiwior header foul someone please explain whistle havertz got ball keeper
What was the foul for at the end? The header or the slightly high foot that didn't get close to anyone! BS ref and officials don't want Arsenal to win. Ô∏è,foul end header slightly high foot get close anyone b ref official want arsenal win
Why not show the blatant violent conduct by VVD who kicked out TWICE and left our man in a heap on the floor? The most blatant red you'll ever see.,show blatant violent conduct vvd kicked twice left man heap floor blatant red ever see
Man City win the title again this year no one can stop them,man city win title year one stop
"If referee doing double standard to Arsenal, so we have to face it and do more hardwork and minimze the fault",referee double standard arsenal face hardwork minimze fault
Why was Havertz goal disallowed ,havertz goal disallowed
Without saliba we concede in set piece.,without saliba concede set piece
This Commentator is supporting Arsenal ,commentator supporting arsenal
"Saka  
Old MUN Cristiano celebration",saka old mun cristiano celebration
Vamos,vamos
"Arsenal have become proper Mourinho team. It was evident in 2nd half after Gabriel injury. With red card 10 man, it is totally understandable. But, with 11 on field, team like Arsenal parking bus plus devoid of attacking ideas through the middle is not looking good.
Further, Arsenal holding midfielder no 6 don't arrive in box and no 10 creativity/ dribling/direct play is totally missing. It is all wingers or set pieces.",arsenal become proper mourinho team evident nd half gabriel injury red card man totally understandable field team like arsenal parking bus plus devoid attacking idea middle looking good arsenal holding midfielder arrive box creativity dribling direct play totally missing winger set piece
Muhammad Salah,muhammad salah
Luis Diaz should loan to Dundee fc,luis diaz loan dundee fc
It was Arsenal vs VAR.,arsenal v var
COYG,coyg
Why are we playing against 12 in every game this season ?,playing every game season
Time to take legal action against  Howard webb and his cronies. Eversince Arteta called the PGMOL a disgrace Arsenal  have been getting on the wrong end of ref's decisions .In today's  game 3 atrocious decisions by the ref .1. VVD should have been red carded for his violent attack on Havertz. 2 Martinelli should have been awarded a penalty when he was taken out by Konate. 3. Arsenal's 3rd goal wrongly disallowed  when kiwior  made a fair 50/50 challenge  for the ball.,time take legal action howard webb crony eversince arteta called pgmol disgrace arsenal getting wrong end ref decision today game atrocious decision ref vvd red carded violent attack havertz martinelli awarded penalty taken konate arsenal rd goal wrongly disallowed kiwior made fair challenge ball
Taylor or any ref. Desperate to find a reason to stop arsenal scoring,taylor ref desperate find reason stop arsenal scoring
Taylor or any ref. Desperate to find a reason to stop arsenal scoring,taylor ref desperate find reason stop arsenal scoring
We're cooked if we keep performing like this,cooked keep performing like
"Please can somebody in the life of me explain to me why that third goal was disallowed??? 

Is everything okay with these refs? 1:50",please somebody life explain third goal disallowed everything okay ref
"1:28 If United's player in this position, they will choose shoot the ball rather give an assist",united player position choose shoot ball rather give assist
Win for City,win city
Arsenal ,arsenal
"Musim lalu adalah peluang terbaik untuk juara EPL, dan kita melewatkannya",musim lalu adalah peluang terbaik untuk juara epl dan kita melewatkannya
not bad,bad
"After 9 match, I can concluded that the biggest challenge for Arsenal this season are referee & injuries.",match concluded biggest challenge arsenal season referee injury
"Arsenal,is"",winned""never
Jb









Arsenal""is""winned""never jb",arsenal winned never jb arsenal winned never jb
"Martineli, kiwior sell",martineli kiwior sell
This commentator is an arsenal fan,commentator arsenal fan
wow goll,wow goll
2 time  with the same score,time score
"We needed the 3 points. Even though we often look great like we did, we won't win the league like this. It will be another close entertaining season with high hopes and then disappointment. I'm not holding my breath sorry.",needed point even though often look great like win league like another close entertaining season high hope disappointment holding breath sorry
"arsenal get humbled , This is liverpool",arsenal get humbled liverpool
"The referee cowardly blew the whistle. Great headers from Kiwior and Havertz. Should‚Äôve been 3-2. Then, not giving Arsenal the corner when it obviously was.",referee cowardly blew whistle great header kiwior havertz shouldve giving arsenal corner obviously
Saka who failed to convert penalty at euro final,saka failed convert penalty euro final
The second goal of Liverpool should have  been checked by arsenal defender... Should have body check salah,second goal liverpool checked arsenal defender body check salah
Kiwior,kiwior
Kiwior decision and Harvetz decision - quite clearly Arsenal is targeted by referees this season,kiwior decision harvetz decision quite clearly arsenal targeted referee season
Feels like a loss,feel like loss
"Said it all,Man city is the champion.",said man city champion
Robert Huert'e selam ,robert huert e selam
Vinicius Jr ,vinicius jr
Old man Robertson lost his legs. He is going south.,old man robertson lost leg going south
ÿ£ÿ±ÿ≥ŸÜÿßŸÑ ŸÉŸäÿ®Ÿäÿ± ŸÑŸÜÿØŸÜ ,
Why wasn‚Äôt Alison playing,wasnt alison playing
Arsenal fans says saka is better than prime messi..really??,arsenal fan say saka better prime messi really
0:59 Diaz selfish ,diaz selfish
"Arteta listen to me carefully, there are many injuries and you are right about this, today with Partey as a full-back you were just lucky because he is very slow... and it went well for you... you were winning 2-1 you could have managed the advantage better instead you gave the field free to Liverpool...you gave Nuno Tavares to Lazio and he became very strong..and you lack defenders...do you understand football? You lost another season",arteta listen carefully many injury right today partey full back lucky slow went well winning could managed advantage better instead gave field free liverpool gave nuno tavares lazio became strong lack defender understand football lost another season
"I am extremely proud of Arsenal‚Äôs performance and guts. I think what the boys and Arteta have done so far this season is of the highest quality. 

However, honestly, I can‚Äôt stand watching PL refereeing anymore. I will continue to follow Arsenal on the other competitions but, at present, I have completely lost interest due to the asymmetrical refereeing against Arsenal! ",extremely proud arsenal performance gut think boy arteta done far season highest quality however honestly cant stand watching pl refereeing anymore continue follow arsenal competition present completely lost interest due asymmetrical refereeing arsenal
But why arsenal was denied last goal,arsenal denied last goal
Lets face it...We were up fookin 2-1 ..at our home ground..and we gave them the initiative to have the upper hand...We  shudve gone for the kill..a 2 goal cushion is always better...Sorry..this one's on Arteta..he missed the PLOT,let face fookin home ground gave initiative upper hand shudve gone kill goal cushion always better sorry one arteta missed plot
Look at Robinson what a poor defending ,look robinson poor defending
If you're an arsenal fan and you're hoping for anything good from this club then you are still sleeping on a bicycle...,arsenal fan hoping anything good club still sleeping bicycle
UNSPORTING from havertz as he pushed trent in the last goal. arsenal is the biggest premier league disgrace,unsporting havertz pushed trent last goal arsenal biggest premier league disgrace
How were you guys robbed ?? it was a clear foul to szoboszlai.,guy robbed clear foul szoboszlai
Kiwor would have been tackled Salah ,kiwor would tackled salah
LIVERPOOL MO SALAH,liverpool mo salah
"Bek pada cidera, untuk 2-2",bek pada cidera untuk
Arsenal Ô∏èÔ∏èÔ∏èÔ∏èÔ∏èÔ∏èÔ∏è,arsenal
I hope all English referees live happily with their 'wisest' decisions and don‚Äôt regret their official choices.,hope english referee live happily wisest decision dont regret official choice
"Arteta need top class left winger, Martineli won't do, all the best team in the world have 2 top class wingers. Btw 1:44, blud literally blow the whistle when he saw Havertz about to score a goal, they didn't even hide it anymore ",arteta need top class left winger martineli best team world top class winger btw blud literally blow whistle saw havertz score goal even hide anymore
Whay???? if win always thing to defent,whay win always thing defent
"What is wrong with the header for Ref to blow. England las the worst Referees in the whole of Europe, I have never seen this.",wrong header ref blow england la worst referee whole europe never seen
SAKA!!!!!!!!!!!!!,saka
Beating Liverpool is not easy,beating liverpool easy
Why does saka always copy celebrations?,saka always copy celebration
Robertson,robertson
3rd goal should have counted,rd goal counted
It feels like a lost to me..,feel like lost
"Sell Jakub Kiwior as soon as possible in January.
Poor position in Liverpool's second Goal.",sell jakub kiwior soon possible january poor position liverpool second goal
"You cannot beat Arsenal
Offf yess we have Referees who can help us!!!!
Shame on you Premier League!!!!",beat arsenal yes referee help u shame premier league
Whistle already still wants to kick it into goal. Should give red card.,whistle already still want kick goal give red card
Virgil controlled u lot,virgil controlled u lot
So close,close
"Miles can play as a defender, but he just isn't.. the instinct to track your man isn't just there . Not discrediting his positivity on the ball tho",mile play defender instinct track man discrediting positivity ball tho
why all like this,like
nunuz,nunuz
nunuz,nunuz
"Virgil van Dijk won more duels (7), made more clearances (6) and won more aerial duels (5) than any other Liverpool player against Arsenal. 

And he scored his first league goal of the campaign.",virgil van dijk duel made clearance aerial duel liverpool player arsenal scored first league goal campaign
We shall meet at anfield,shall meet anfield
Not an Arsenal fan but where is havertz foul?,arsenal fan havertz foul
"The end of the game was weird. Ni celebration from none, especially from Arsenal coz we almost had it",end game weird ni celebration none especially arsenal coz almost
Why does this team plays like Atletico Madrid? it's not fun to watch anymore.,team play like atletico madrid fun watch anymore
Stay humble eh ü´≥,stay humble eh
I think harvezt can only play in midfield not striker.if he upfront he like German Bendtner.his leg like pillow not spring like messi.thats why he always miss.,think harvezt play midfield striker upfront like german bendtner leg like pillow spring like messi thats always miss
Pls how's that a foul Liverpool player bent when kiwor headed the ball pls how....,pls foul liverpool player bent kiwor headed ball pls
nice draw,nice draw
Where is the mistake l can't see any off side n the ball was headed up no fault,mistake l see side n ball headed fault
So jumping is deemed foul play now. Noted.,jumping deemed foul play noted
"Minimal gak kalah, walau babak ke 2 dar der dor ",minimal gak kalah walau babak ke dar der dor
Wenger said that you pay for a young player's education with points. MLS at 1:24 ,wenger said pay young player education point ml
Arsenal second goal was clear offside,arsenal second goal clear offside
Please someone explain this 1:43 ?,please someone explain
Too bad we've has some tough games in. Red cards and injuries but i really dont like Arteta and Jesus' situation.,bad tough game red card injury really dont like arteta jesus situation
"Well there goes our season. . I am still not convinced by Havertz, he will not get us the title.",well go season still convinced havertz get u title
Pgmol ruined pl,pgmol ruined pl
Revan,revan
Revan,revan
"Jesus Christ is the way, the truth and the life. Day of repentance is today",jesus christ way truth life day repentance today
How that last Arsenal goal not goal ,last arsenal goal goal
Revan,revan
"Gunners on fire,rice, Merino,raya,white,haverzt, trossard,martinelli partey and saka is amazing in this match,but ITS not good enough!! Martinelli selisih!!!!!!! Why gabjes and try Sterling play first not martinelli,i know Sterling old,but he good experience,he was Liverpools before,he know how to faced TAA,he good more than Martinelli!!!!!!who can stop mo salah!! I hope were win this match!! Im so disappointed ",gunner fire rice merino raya white haverzt trossard martinelli partey saka amazing match good enough martinelli selisih gabjes try sterling play first martinelli know sterling old good experience liverpool know faced taa good martinelli stop mo salah hope win match im disappointed
...lets now show all club matches highlights from around the world...but the truth is nobody cares ,let show club match highlight around world truth nobody care
I'm only here to laugh at Arsenal bottling company ,laugh arsenal bottling company
So Arsenal got more injuries trying to beat Liverpool. A sign of trying to punch above your weight.,arsenal got injury trying beat liverpool sign trying punch weight
Virjil should be carded,virjil carded
"This year, Arsenal still cant win",year arsenal still cant win
HOW WAS THAT A FOUL BY KIWIOR!?? Anthony Taylor is corrupt,foul kiwior anthony taylor corrupt
King Moo,king moo
Timber A.K.A injury man,timber k injury man
Salah.. ,salah
"Terlalu banyak Fans Arsenal menggerutu. Jelas wasit banyak membantu pihak tuan rumah, tetapi selalu beralasan wasit tidak benar. Memang beda mental team pecundang dengan Tim juara sejati.
Tetap YNWA",terlalu banyak fan arsenal menggerutu jelas wasit banyak membantu pihak tuan rumah tetapi selalu beralasan wasit tidak benar memang beda mental team pecundang dengan tim juara sejati tetap ynwa
Arsenal won the match and the referee can't escape the wrath of God,arsenal match referee escape wrath god
If arsenal first team players were fit. It would have been an easy win.,arsenal first team player fit would easy win
Egyptian King ,egyptian king
Luis diaz,luis diaz
Luis diaz,luis diaz
Swipe Kiwior for the God sake,swipe kiwior god sake
In there stadium up liverpool,stadium liverpool
How you gonna punish a player by calling a foul where he wins it in the air by header that is ridiculous. The other player just stands there under the ball and had no Intention of jumping for it this game is ruined by refs. The simplest way to improve reffing is to get people who have actually played the game be a simple compulsory thing because having a random geek who‚Äôs never stepped a foot on the pitch ref a game like that ends up with calls that are ridiculous,gon na punish player calling foul win air header ridiculous player stand ball intention jumping game ruined ref simplest way improve reffing get people actually played game simple compulsory thing random geek who never stepped foot pitch ref game like end call ridiculous
GG,gg
Arsenal won the game but England FA can't allow arsenal to win ,arsenal game england fa allow arsenal win
They took one goal from Arsenal,took one goal arsenal
Fly arteta...fly........ YNWA,fly arteta fly ynwa
Hi,hi
Good news for Man City.,good news man city
The true winner in this match is Man City,true winner match man city
PGMOL why.,pgmol
cant spell arsenal without arse,cant spell arsenal without arse
COYG,coyg
COYG,coyg
Kiwior oh kiwior...,kiwior oh kiwior
"The ref doesn't want arsenal to win, ask a psychologist to analyse the ref's behavior..",ref want arsenal win ask psychologist analyse ref behavior
Arteta out ,arteta
Arsenal  were denied a clear goal,arsenal denied clear goal
"For the disallowed goal, there are 3 possible fouls there.
1. Kiwior jumped and pushed over Sobo
2. Harvertz handball when receiving ball from Kiwior
3. Harvertz bumped Arnold into the net (Arnold kicked the ball first).

Each of the above can disallow it.",disallowed goal possible foul kiwior jumped pushed sobo harvertz handball receiving ball kiwior harvertz bumped arnold net arnold kicked ball first disallow
Is not  easy,easy
Is not  easy,easy
"arsenal fc
defense fc pro max",arsenal fc defense fc pro max
wow,wow
Same song since last epl title ...arsenal will win this league.x 100,song since last epl title arsenal win league x
Both teams scored by lefty right wings and set pieces.  Close rivalries! Ref also kept up his poor performance as usual.,team scored lefty right wing set piece close rivalry ref also kept poor performance usual
Thanks to both teams in the name of all Man City fans,thanks team name man city fan
3rd goal denied by pgmol,rd goal denied pgmol
Haverts lost us the game,haverts lost u game
why there is non penalty,non penalty
—ç—Ç–æ –∫–∫–æ–π –≥–æ–¥,
LiVARpool and there 12th man was MoM,livarpool th man mom
Kiwior is bad.,kiwior bad
Partey get cooked by Diaz ,partey get cooked diaz
"The ref blew the whistle when he saw the arsenal were scoring, why didn't he blow the whistle when the ball was headed? Stupid refs of epl. They hate arsenal i don't know why.",ref blew whistle saw arsenal scoring blow whistle ball headed stupid ref epl hate arsenal know
Martinelli is old already.,martinelli old already
Arsenall,arsenall
Partey but NO party ,partey party
refs always against arsenal,ref always arsenal
"Some random club in Romania has more European heritage than arsenal 
Can't win at home",random club romania european heritage arsenal win home
Really really disappointed this season arsenal not great at all always problems and something happens always to arsenal,really really disappointed season arsenal great always problem something happens always arsenal
Really really disappointed this season arsenal not great at all always problems and something happens always to arsenal,really really disappointed season arsenal great always problem something happens always arsenal
nice arsenal,nice arsenal
thanks botak,thanks botak
Riley is an absolutely abominable referee.  He's given handball against Haverz when when the ball clearly comes of the t-shirt line part of his arm.,riley absolutely abominable referee given handball haverz ball clearly come shirt line part arm
"Arsenic already bottled their season 
About time them injuries came along, longay it continue.
It's so cool you got a clueless manager.
The new Tottenham Hotspur, season is finished already and there is no hope for the future.",arsenic already bottled season time injury came along longay continue cool got clueless manager new tottenham hotspur season finished already hope future
Wasit wasit mereka ini betul2 Sangat Buruk...Sangat parah,wasit wasit mereka ini betul sangat buruk sangat parah
Martenili ,martenili
"Bad officiating week in week out always against Arsenal.


EPL corruptions is second to none!!!


What is wrong with the header that Leeds to the goal we scored ???????????",bad officiating week week always arsenal epl corruption second none wrong header leeds goal scored
Anthony Taylor Ô∏èü´†,anthony taylor
Ngl I do think Arsenal has the chance of winning the champions league considering the refs are ruining our performance and how much better the ucl refs,ngl think arsenal chance winning champion league considering ref ruining performance much better ucl ref
Arsendallll,arsendal
Referees in England are content creators. They are a joke,referee england content creator joke
We were robbed,robbed
Watch carefully at anthony taylor he was looking at the ball in the air and after havertz won the ball he blew the whistle. Corrupt as always,watch carefully anthony taylor looking ball air havertz ball blew whistle corrupt always
Ben white can pass,ben white pas
Both teams are poor in defence,team poor defence
merino offside,merino offside
2vs2 „Öé„Öé,v
Both teams are poor in defence,team poor defence
merino offside,merino offside
2vs2 „Öé„Öé,v
"3-2*

Just bad referee that made it 2-2",bad referee made
Kai goal ,kai goal
Liverpool > Arsenal,liverpool arsenal
English Referee is L,english referee l
lol een soboslayi didnt thinks its a foul cause he didnt challenge for the ball in the air but oh well,lol een soboslayi didnt think foul cause didnt challenge ball air oh well
saka wuddded,saka wuded
·Ä°·Ä¨·ÄÜ·ÄÑ·Ä∫·Äî·Äö·Ä∫·Äô·Äæ·Ä¨ ·Äü·Ä≠·ÄØ·Ä°·Äõ·ÄÑ·Ä∫·Äê·ÄØ·Äî·Ä∫·Ä∏·ÄÄ·Äú·Ä≠·ÄØ   ·Ä°·Äê·ÄΩ·ÄÑ·Ä∫·Ä∏ ·Äí·Äú·Ä∂  ·Äõ·Äæ·Ä≠·Äî·Ä±·Äï·ÄØ·Ä∂·Äï·Ä≤·Äó·Äª·Ä¨  ·Äï·ÄΩ·Ä≤·Äê·ÄΩ·Ä± ·Ä°·Äõ·ÄÑ·Ä∫·Äî·Äæ·ÄÖ·Ä∫·Äê·ÄΩ·Ä±·ÄÄ·Äú·Ä±·Ä¨·ÄÄ·Ä∫ ·ÄÄ·Äº·Ää·Ä∫·Ä∑·Äô·ÄÄ·Ä±·Ä¨·ÄÑ·Ä∫·Ä∏·Äê·Ä±·Ä¨·Ä∑·Äê·Ä¨ ·Ä°·Äô·Äæ·Äî·Ä∫·Äï·Ä≤ ,
Refere don't netral ,refere netral
Ôøº,
Refs out,ref
Kiwior is slow and out of depth,kiwior slow depth
English refs could be betting  and also VAR is a disgrace e.g van going without a card after kicking kai shame on english refs.,english ref could betting also var disgrace e g van going without card kicking kai shame english ref
buy smith rowe,buy smith rowe
Wasted chance to lead the table,wasted chance lead table
Tombol >>> Arteta OUT...,tombol arteta
ok,ok
Wasted chance to lead the table,wasted chance lead table
Tombol >>> Arteta OUT...,tombol arteta
ok,ok
Kiwior out!!!,kiwior
Thomas Teye Partey ,thomas teye partey
"I think we should just focus on other competitions like the champions league. Premier league referees are a travesty 
We will never win the premier league",think focus competition like champion league premier league referee travesty never win premier league
Stay humble,stay humble
Arsenal tim penghibur bukan pemenangan akhir musim ,arsenal tim penghibur bukan pemenangan akhir musim
Declan rice take captain,declan rice take captain
"Mohamed Salah has now scored 10+ goals against three different sides in the Premier League for Liverpool:

‚óé vs. Man Utd
‚óé vs. West Ham
‚óâ vs. Arsenal",mohamed salah scored goal three different side premier league liverpool v man utd v west ham v arsenal
Kivior her defe sehv edir.qoyun ondan yax≈üi oynuyar.satƒ±n getsin.,kivior defe sehv edir qoyun ondan yaxsi oynuyar satn getsin
Arteta out!,arteta
And here Man city wins Epl,man city win epl
ETH OUT,eth
Arsenal getting cheated out another win again it's embarrassing,arsenal getting cheated another win embarrassing
I love it when they both lose feathers! :) ManCity Champion,love lose feather mancity champion
"Disgraceful, should‚Äôve been a penalty 100% - proof is on my chan",disgraceful shouldve penalty proof chan
Referee ,referee
dark art can't win,dark art win
Kiwior out,kiwior
Liverpool lucket it out,liverpool lucket
listen to the commentator celebrate Arsenals goals vs the dull grinding of teeth when liverpool score its a joke LOL,listen commentator celebrate arsenal goal v dull grinding teeth liverpool score joke lol
Liverpool lucket it out,liverpool lucket
listen to the commentator celebrate Arsenals goals vs the dull grinding of teeth when liverpool score its a joke LOL,listen commentator celebrate arsenal goal v dull grinding teeth liverpool score joke lol
Liverpool,liverpool
Jakub kiwor is so bad,jakub kiwor bad
Referee,referee
MOM: referee!,mom referee
Man city win,man city win
Wasit tlol,wasit tlol
The way they can cheat arsenal..that's why they neva won the precious titles coz of the Terrible officials,way cheat arsenal neva precious title coz terrible official
Arteta out,arteta
Diaz egois,diaz egois
"Yang paling berkuasa mengatur seluruh dunia  &  akhirat adalah Pencipta Dunia.
(semua manusia di seluruh dunia diciptakan oleh Pencipta yang sama.   Tapi di dunia ada banyak      agama      &   aliran kepercayaan serta ada juga yang atheis.      Siapakah Pencipta manusia    &   dunia ?   Banyak orang mengakui bahwa Pencipta Dunia  itu antara lain    :    Maha  Kuasa ,  Maha  Kasih.    Maka Pencipta Dunia memberitahu siapa diriNya,  pasti dengan cara yang sangat / paling mudah.    Supaya manusia bisa dengan sangat mudah juga mengetahui Pencipta manusia).
       Pemilik  Dunia  =  Pemilik  Akhirat
   Pengatur  Dunia  =  Pengatur  Akhirat

( kalau pemilik rumah,  paling berkuasa  mengatur  +  buat  peraturan  untuk orang - orang yang menghuni / mengontrak rumahnya )",yang paling berkuasa mengatur seluruh dunia akhirat adalah pencipta dunia semua manusia di seluruh dunia diciptakan oleh pencipta yang sama tapi di dunia ada banyak agama aliran kepercayaan serta ada juga yang atheis siapakah pencipta manusia dunia banyak orang mengakui bahwa pencipta dunia itu antara lain maha kuasa maha kasih maka pencipta dunia memberitahu siapa dirinya pasti dengan cara yang sangat paling mudah supaya manusia bisa dengan sangat mudah juga mengetahui pencipta manusia pemilik dunia pemilik akhirat pengatur dunia pengatur akhirat kalau pemilik rumah paling berkuasa mengatur buat peraturan untuk orang orang yang menghuni mengontrak rumahnya
Drop points more again,drop point
Man City won today,man city today
"COMMENTATOR: That delivery yo cannot defend it. totally idiotic comment! YOU CAN DEFEND  ANY FOOKING CORNER, MUPPET",commentator delivery yo defend totally idiotic comment defend fooking corner muppet
COYG Ô∏è,coyg
Saka better than mbappe 100%,saka better mbappe
"LFC not going to finish in first 4 places. Weak team, no names.. weak coach.",lfc going finish first place weak team name weak coach
Liverpool got 4 points lead over arsenal after playing away to arsenal lol now arsenal loud noisy fans going to cry and moan,liverpool got point lead arsenal playing away arsenal lol arsenal loud noisy fan going cry moan
"Bad, badly officiating.",bad badly officiating
"Pemilik  Dunia   =   Pemilik  Akhirat
       Pengatur  Dunia  =  Pengatur  Akhirat

Ada 5 hal yang berlaku di seluruh dunia  
( international )   :
1] Bahasa international = bahasa inggris,  dari inggris percaya kepada Allah bernama Tuhan YesUs : Pencipta Dunia.
2] Mata uang international = US $  dari amerika serikat percaya kepada Allah bernama Tuhan YesUs : Pencipta Dunia.
3] Kalender international=kalender tahun masehi. Hari ini  31 januari 2023 masehi
(masehi=Mesias=Tuhan YesUs).
4] Lagu  kebangsaan = semua negara harus punya lagu kebangsaan. (lagu kebangsaan Indonesia : Indonesia Raya)
Cara beribadah umat kristen, ada : lagu.
5] Keselamatan = hal - hal   keselamatan untuk manusia yang dipakai hampir diseluruh dunia  (international,  pakai bahasa international : bahasa inggris) =
zebra   cross,  do not   cross   police line,
red     cross    international   :      palang     merah    international.",pemilik dunia pemilik akhirat pengatur dunia pengatur akhirat ada hal yang berlaku di seluruh dunia international bahasa international bahasa inggris dari inggris percaya kepada allah bernama tuhan yesus pencipta dunia mata uang international u dari amerika serikat percaya kepada allah bernama tuhan yesus pencipta dunia kalender international kalender tahun masehi hari ini januari masehi masehi mesias tuhan yesus lagu kebangsaan semua negara harus punya lagu kebangsaan lagu kebangsaan indonesia indonesia raya cara beribadah umat kristen ada lagu keselamatan hal hal keselamatan untuk manusia yang dipakai hampir diseluruh dunia international pakai bahasa international bahasa inggris zebra cross cross police line red cross international palang merah international
"Pemilik  Dunia   =   Pemilik  Akhirat
       Pengatur  Dunia  =  Pengatur  Akhirat

Ada 5 hal yang berlaku di seluruh dunia  
( international )   :
1] Bahasa international = bahasa inggris,  dari inggris percaya kepada Allah bernama Tuhan YesUs : Pencipta Dunia.
2] Mata uang international = US $  dari amerika serikat percaya kepada Allah bernama Tuhan YesUs : Pencipta Dunia.
3] Kalender international=kalender tahun masehi. Hari ini  31 januari 2023 masehi
(masehi=Mesias=Tuhan YesUs).
4] Lagu  kebangsaan = semua negara harus punya lagu kebangsaan. (lagu kebangsaan Indonesia : Indonesia Raya)
Cara beribadah umat kristen, ada : lagu.
5] Keselamatan = hal - hal   keselamatan untuk manusia yang dipakai hampir diseluruh dunia  (international,  pakai bahasa international : bahasa inggris) =
zebra   cross,  do not   cross   police line,
red     cross    international   :      palang     merah    international.",pemilik dunia pemilik akhirat pengatur dunia pengatur akhirat ada hal yang berlaku di seluruh dunia international bahasa international bahasa inggris dari inggris percaya kepada allah bernama tuhan yesus pencipta dunia mata uang international u dari amerika serikat percaya kepada allah bernama tuhan yesus pencipta dunia kalender international kalender tahun masehi hari ini januari masehi masehi mesias tuhan yesus lagu kebangsaan semua negara harus punya lagu kebangsaan lagu kebangsaan indonesia indonesia raya cara beribadah umat kristen ada lagu keselamatan hal hal keselamatan untuk manusia yang dipakai hampir diseluruh dunia international pakai bahasa international bahasa inggris zebra cross cross police line red cross international palang merah international
Arsenal escaped,arsenal escaped
Arsenal was robbed,arsenal robbed
Ben deserves balon de or,ben deserves balon de
Referee,referee
Kiwior always useless,kiwior always useless
Arteta ,arteta
LiVARpool,livarpool
 ,
Nahan imbang doang merasa kayak menang ,nahan imbang doang merasa kayak menang
Robbery again,robbery
arsenal overrated..always,arsenal overrated always
Zero trophies team,zero trophy team
This match was unfair at All  Fan base of Gooners referee if we had All the Messy Liverpool did to Us we would get 3 red cards Corrupt referee you sold out Everything  Anyways Keep it up Gooners ,match unfair fan base gooners referee messy liverpool u would get red card corrupt referee sold everything anyways keep gooners
Ya Allah mbok menang ginio cok liverpool,ya allah mbok menang ginio cok liverpool
You diving cheats,diving cheat
"Dear friends, as believers in one Creator, we find purpose in worshiping ALLAH alone. The Quran (51:56) says that humans and jinns were created solely to worship Him. We see the Quran as the final divine scripture, guiding humanity to truth and righteousness. In Islam, we hold that all prophets ‚Äî Abraham, Moses, Jesus, and Muhammad, peace be upon them all ‚Äî were sent by ALLAH to guide people towards monotheism. Muhammad (PBUH) is regarded as the last messenger, with the Quran as the ultimate revelation for humanity.

The path to true success in the hereafter, we believe, is through sincere worship of Allah, the one true God. May we all seek and understand each other's faiths with open hearts, aiming for peace, guidance, and unity.

Please read Quran and your book for two hours. You will find the truth. You will find all the answers in Quran.",dear friend believer one creator find purpose worshiping allah alone quran say human jinns created solely worship see quran final divine scripture guiding humanity truth righteousness islam hold prophet abraham moses jesus muhammad peace upon sent allah guide people towards monotheism muhammad pbuh regarded last messenger quran ultimate revelation humanity path true success hereafter believe sincere worship allah one true god may seek understand faith open heart aiming peace guidance unity please read quran book two hour find truth find answer quran
Kiwior sucks,kiwior suck
Wasit tai,wasit tai
Arsenal r rubbish,arsenal r rubbish
Arsenal r rubbish,arsenal r rubbish
.,
robbed,robbed
.,
Imbang terus,imbang terus
---,
noob,noob
Arteta dancok,arteta dancok
Like,like
r,r
Corrupt league,corrupt league
Like,like
r,r
Corrupt league,corrupt league
